URL,ページタイプ,表示回数(直近約3ヶ月),Thin Content判定,推奨対応
https://akagiconsulting.com/blog/case-interview/2455/,記事,0,Maybe,インデックス未登録の可能性。URL検査・内容改善
https://akagiconsulting.com/blog/case-interview/2461/,記事,0,Maybe,インデックス未登録の可能性。URL検査・内容改善
https://akagiconsulting.com/blog/case-interview/2492/,記事,0,Maybe,インデックス未登録の可能性。URL検査・内容改善
https://akagiconsulting.com/blog/category/behavior/,"カテゴリ（ビヘイビア対策, 2件）",0,Maybe,noindex検討 or meta description改善
https://akagiconsulting.com/blog/category/information/,"カテゴリ（企業研究, 52件）",0,Maybe,noindex検討 or meta description改善
https://akagiconsulting.com/blog/category/news/,"カテゴリ（お知らせ, 1件）",0,Yes,noindex推奨（記事数が少ない）
https://akagiconsulting.com/blog/category/uncategorized/,"カテゴリ（その他, 0件）",0,Yes,noindex or 削除（記事なし）
https://akagiconsulting.com/blog/fermi-estimate/909/,記事,0,Maybe,インデックス未登録の可能性。URL検査・内容改善
https://akagiconsulting.com/blog/information/2048/,記事,0,Maybe,インデックス未登録の可能性。URL検査・内容改善
https://akagiconsulting.com/blog/information/2090/,記事,0,Maybe,インデックス未登録の可能性。URL検査・内容改善
https://akagiconsulting.com/blog/information/2094/,記事,0,Maybe,インデックス未登録の可能性。URL検査・内容改善
https://akagiconsulting.com/blog/information/2309/,記事,0,Maybe,インデックス未登録の可能性。URL検査・内容改善
https://akagiconsulting.com/blog/tag/itコン/,"タグ（ITコン, 20件）",0,Maybe,noindex検討（表示ゼロ）
https://akagiconsulting.com/blog/tag/kearney/,"タグ（KEARNEY, 4件）",0,Maybe,noindex検討（記事数少 & 表示ゼロ）
https://akagiconsulting.com/blog/tag/mbb/,"タグ（MBB, 29件）",0,Maybe,noindex検討（表示ゼロ）
https://akagiconsulting.com/blog/tag/peディレクションズ/,"タグ（P&Eディレクションズ, 1件）",0,Yes,noindex推奨 or 削除（記事数が少ない）
https://akagiconsulting.com/blog/tag/webテスト/,"タグ（Webテスト, 1件）",0,Yes,noindex推奨 or 削除（記事数が少ない）
https://akagiconsulting.com/blog/tag/zsアソシエイツ/,"タグ（ZSアソシエイツ, 1件）",0,Yes,noindex推奨 or 削除（記事数が少ない）
https://akagiconsulting.com/blog/tag/アクセンチュア/,"タグ（アクセンチュア, 8件）",0,Maybe,noindex検討（表示ゼロ）
https://akagiconsulting.com/blog/tag/アビーム/,"タグ（アビーム, 3件）",0,Maybe,noindex検討（記事数少 & 表示ゼロ）
https://akagiconsulting.com/blog/tag/オリバー・ワイマン/,"タグ（オリバー・ワイマン, 1件）",0,Yes,noindex推奨 or 削除（記事数が少ない）
https://akagiconsulting.com/blog/tag/クニエ（qunie）/,"タグ（クニエ（QUNIE）, 1件）",0,Yes,noindex推奨 or 削除（記事数が少ない）
https://akagiconsulting.com/blog/tag/ケース面接/,"タグ（ケース面接, 93件）",0,Maybe,noindex検討（表示ゼロ）
https://akagiconsulting.com/blog/tag/コーンフェリー/,"タグ（コーンフェリー, 1件）",0,Yes,noindex推奨 or 削除（記事数が少ない）
https://akagiconsulting.com/blog/tag/サイモン・クチャー/,"タグ（サイモン・クチャー, 1件）",0,Yes,noindex推奨 or 削除（記事数が少ない）
https://akagiconsulting.com/blog/tag/シンクタンク/,"タグ（シンクタンク, 4件）",0,Maybe,noindex検討（記事数少 & 表示ゼロ）
https://akagiconsulting.com/blog/tag/ステージ別対策シリーズ/,"タグ（ステージ別対策シリーズ, 3件）",0,Maybe,noindex検討（記事数少 & 表示ゼロ）
https://akagiconsulting.com/blog/tag/デロイト/,"タグ（デロイト, 5件）",0,Maybe,noindex検討（記事数少 & 表示ゼロ）
https://akagiconsulting.com/blog/tag/ビヘイビア/,"タグ（ビヘイビア, 2件）",0,Yes,noindex推奨 or 削除（記事数が少ない）
https://akagiconsulting.com/blog/tag/フェルミ推定/,"タグ（フェルミ推定, 63件）",0,Maybe,noindex検討（表示ゼロ）
https://akagiconsulting.com/blog/tag/フレームワーク/,"タグ（フレームワーク, 17件）",0,Maybe,noindex検討（表示ゼロ）
https://akagiconsulting.com/blog/tag/ブティック/,"タグ（ブティック, 0件）",0,Yes,noindex or 削除（記事なし）
https://akagiconsulting.com/blog/tag/ベイカレント/,"タグ（ベイカレント, 3件）",0,Maybe,noindex検討（記事数少 & 表示ゼロ）
https://akagiconsulting.com/blog/tag/ベイン/,"タグ（ベイン, 5件）",0,Maybe,noindex検討（記事数少 & 表示ゼロ）
https://akagiconsulting.com/blog/tag/マッキンゼー/,"タグ（マッキンゼー, 2件）",0,Yes,noindex推奨 or 削除（記事数が少ない）
https://akagiconsulting.com/blog/tag/マーサー/,"タグ（マーサー, 1件）",0,Yes,noindex推奨 or 削除（記事数が少ない）
https://akagiconsulting.com/blog/tag/ローランドベルガー/,"タグ（ローランドベルガー, 3件）",0,Maybe,noindex検討（記事数少 & 表示ゼロ）
https://akagiconsulting.com/blog/tag/中途/,"タグ（中途, 0件）",0,Yes,noindex or 削除（記事なし）
https://akagiconsulting.com/blog/tag/企業研究/,"タグ（企業研究, 40件）",0,Maybe,noindex検討（表示ゼロ）
https://akagiconsulting.com/blog/tag/体験談/,"タグ（体験談, 3件）",0,Maybe,noindex検討（記事数少 & 表示ゼロ）
https://akagiconsulting.com/blog/tag/例題/,"タグ（例題, 0件）",0,Yes,noindex or 削除（記事なし）
https://akagiconsulting.com/blog/tag/公共系ケース面接解説シリーズ/,"タグ（公共系ケース面接解説シリーズ, 3件）",0,Maybe,noindex検討（記事数少 & 表示ゼロ）
https://akagiconsulting.com/blog/tag/内定獲得シリーズ/,"タグ（内定獲得シリーズ, 10件）",0,Maybe,noindex検討（表示ゼロ）
https://akagiconsulting.com/blog/tag/初めてのケース面接シリーズ/,"タグ（初めてのケース面接シリーズ, 6件）",0,Maybe,noindex検討（表示ゼロ）
https://akagiconsulting.com/blog/tag/初めてのフェルミ推定シリーズ/,"タグ（初めてのフェルミ推定シリーズ, 3件）",0,Maybe,noindex検討（記事数少 & 表示ゼロ）
https://akagiconsulting.com/blog/tag/外資/,"タグ（外資, 4件）",0,Maybe,noindex検討（記事数少 & 表示ゼロ）
https://akagiconsulting.com/blog/tag/外資系/,"タグ（外資系, 51件）",0,Maybe,noindex検討（表示ゼロ）
https://akagiconsulting.com/blog/tag/対策/,"タグ（対策, 0件）",0,Yes,noindex or 削除（記事なし）
https://akagiconsulting.com/blog/tag/対策法/,"タグ（対策法, 13件）",0,Maybe,noindex検討（表示ゼロ）
https://akagiconsulting.com/blog/tag/応用系-高難易度フェルミ推定シリーズ/,"タグ（応用系/高難易度フェルミ推定シリーズ, 6件）",0,Maybe,noindex検討（表示ゼロ）
https://akagiconsulting.com/blog/tag/戦コン/,"タグ（戦コン, 90件）",0,Maybe,noindex検討（表示ゼロ）
https://akagiconsulting.com/blog/tag/戦略コンサル/,"タグ（戦略コンサル, 0件）",0,Yes,noindex or 削除（記事なし）
https://akagiconsulting.com/blog/tag/新卒/,"タグ（新卒, 0件）",0,Yes,noindex or 削除（記事なし）
https://akagiconsulting.com/blog/tag/日系/,"タグ（日系, 33件）",0,Maybe,noindex検討（表示ゼロ）
https://akagiconsulting.com/blog/tag/最終面接/,"タグ（最終面接, 1件）",0,Yes,noindex推奨 or 削除（記事数が少ない）
https://akagiconsulting.com/blog/tag/発展系ケース面接シリーズ/,"タグ（発展系ケース面接シリーズ, 5件）",0,Maybe,noindex検討（記事数少 & 表示ゼロ）
https://akagiconsulting.com/blog/tag/総コン/,"タグ（総コン, 28件）",0,Maybe,noindex検討（表示ゼロ）
https://akagiconsulting.com/blog/tag/転職/,"タグ（転職, 61件）",0,Maybe,noindex検討（表示ゼロ）
https://akagiconsulting.com/blog/tag/過去問/,"タグ（過去問, 0件）",0,Yes,noindex or 削除（記事なし）
https://akagiconsulting.com/blog/tag/過去問徹底解説シリーズ/,"タグ（過去問徹底解説シリーズ, 15件）",0,Maybe,noindex検討（表示ゼロ）
https://akagiconsulting.com/blog/tag/過去問研究シリーズ/,"タグ（過去問研究シリーズ, 17件）",0,Maybe,noindex検討（表示ゼロ）
https://akagiconsulting.com/blog/tag/選考/,"タグ（選考, 0件）",0,Yes,noindex or 削除（記事なし）
https://akagiconsulting.com/blog/tag/選考情報/,"タグ（選考情報, 63件）",0,Maybe,noindex検討（表示ゼロ）
https://akagiconsulting.com/blog/tag/高難易度フェルミ推定シリーズ/,"タグ（高難易度フェルミ推定シリーズ, 0件）",0,Yes,noindex or 削除（記事なし）
https://akagiconsulting.com/blog/category/case-interview/page/3/,ページネーション,1,Yes,noindex推奨（ページネーション）
https://akagiconsulting.com/blog/page/10/?cat=0/,ページネーション,1,Yes,noindex推奨（ページネーション）
https://akagiconsulting.com/blog/page/11/,ページネーション,1,Yes,noindex推奨（ページネーション）
https://akagiconsulting.com/blog/page/12/,ページネーション,1,Yes,noindex推奨（ページネーション）
https://akagiconsulting.com/blog/page/7/,ページネーション,1,Yes,noindex推奨（ページネーション）
https://akagiconsulting.com/blog/page/9/?cat=0/,ページネーション,1,Yes,noindex推奨（ページネーション）
https://akagiconsulting.com/blog/tag/big4/,"タグ（Big4, 11件）",1,No,現状維持
https://akagiconsulting.com/blog/category/case-interview/page/5/,ページネーション,2,Yes,noindex推奨（ページネーション）
https://akagiconsulting.com/blog/category/case-interview/page/9/,ページネーション,2,Yes,noindex推奨（ページネーション）
https://akagiconsulting.com/blog/tag/di/,"タグ（DI, 1件）",2,Yes,noindex推奨 or 削除（記事数が少ない）
https://akagiconsulting.com/blog/category/experiences/,"カテゴリ（体験談, 5件）",3,No,現状維持
https://akagiconsulting.com/blog/case-interview/2472/,記事,4,No,現状維持
https://akagiconsulting.com/blog/case-interview/537/,記事,4,No,現状維持
https://akagiconsulting.com/blog/category/fermi-estimate/page/5/,ページネーション,4,Yes,noindex推奨（ページネーション）
https://akagiconsulting.com/blog/page/14/?cat=0/,ページネーション,4,Yes,noindex推奨（ページネーション）
https://akagiconsulting.com/blog/page/5/,ページネーション,5,Yes,noindex推奨（ページネーション）
https://akagiconsulting.com/blog/tag/bdx/,"タグ（B&DX, 2件）",5,Yes,noindex推奨 or 削除（記事数が少ない）
https://akagiconsulting.com/blog/tag/igpi/,"タグ（IGPI, 1件）",5,Yes,noindex推奨 or 削除（記事数が少ない）
https://akagiconsulting.com/blog/page/3/?cat=0/,ページネーション,6,Yes,noindex推奨（ページネーション）
https://akagiconsulting.com/blog/page/13/,ページネーション,7,Yes,noindex推奨（ページネーション）
https://akagiconsulting.com/blog/page/4/,ページネーション,7,Yes,noindex推奨（ページネーション）
https://akagiconsulting.com/blog/tag/bcg/,"タグ（BCG, 21件）",7,No,現状維持
https://akagiconsulting.com/blog/category/case-interview/page/4/,ページネーション,8,Yes,noindex推奨（ページネーション）
https://akagiconsulting.com/blog/information/2113/,記事,8,No,現状維持
https://akagiconsulting.com/blog/case-interview/2467/,記事,10,No,現状維持
https://akagiconsulting.com/blog/category/fermi-estimate/page/4/,ページネーション,11,Yes,noindex推奨（ページネーション）
https://akagiconsulting.com/blog/category/fermi-estimate/page/3/,ページネーション,14,Yes,noindex推奨（ページネーション）
https://akagiconsulting.com/blog/tag/ey/,"タグ（EY, 2件）",15,Yes,noindex推奨 or 削除（記事数が少ない）
https://akagiconsulting.com/blog/tag/pwc/,"タグ（PwC, 4件）",15,Maybe,現状維持
https://akagiconsulting.com/blog/information/2141/,記事,16,No,現状維持
https://akagiconsulting.com/blog/tag/adl/,"タグ（ADL, 2件）",20,Yes,noindex推奨 or 削除（記事数が少ない）
https://akagiconsulting.com/blog/page/8/,ページネーション,23,Yes,noindex推奨（ページネーション）
https://akagiconsulting.com/blog/tag/ycp/,"タグ（YCP, 1件）",26,Yes,noindex推奨 or 削除（記事数が少ない）
https://akagiconsulting.com/blog/case-interview/2405/,記事,29,No,現状維持
https://akagiconsulting.com/blog/case-interview/2450/,記事,33,No,現状維持
https://akagiconsulting.com/blog/page/2/,ページネーション,43,Yes,noindex推奨（ページネーション）
https://akagiconsulting.com/blog/case-interview/942/,記事,47,No,現状維持
https://akagiconsulting.com/blog/news/482/,記事,64,No,現状維持
https://akagiconsulting.com/blog/fermi-estimate/1222/,記事,78,No,現状維持
https://akagiconsulting.com/blog/tag/cdi/,"タグ（CDI, 1件）",83,Yes,noindex推奨 or 削除（記事数が少ない）
https://akagiconsulting.com/blog/information/2053/,記事,87,No,現状維持
https://akagiconsulting.com/blog/tag/s-2/,"タグ（S&, 5件）",94,Maybe,現状維持
https://akagiconsulting.com/blog/case-interview/837/,記事,99,No,現状維持
https://akagiconsulting.com/blog/tag/kpmg/,"タグ（KPMG, 2件）",107,Yes,noindex推奨 or 削除（記事数が少ない）
https://akagiconsulting.com/blog/fermi-estimate/725/,記事,111,No,現状維持
https://akagiconsulting.com/blog/case-interview/1099/,記事,122,No,現状維持
https://akagiconsulting.com/blog/category/fermi-estimate/,"カテゴリ（フェルミ推定対策, 48件）",131,No,現状維持
https://akagiconsulting.com/blog/information/2120/,記事,179,No,現状維持
https://akagiconsulting.com/blog/information/1850/,記事,196,No,現状維持
https://akagiconsulting.com/blog/case-interview/2484/,記事,237,No,現状維持
https://akagiconsulting.com/blog/information/2073/,記事,253,No,現状維持
https://akagiconsulting.com/blog/case-interview/2433/,記事,353,No,現状維持
https://akagiconsulting.com/blog/case-interview/1252/,記事,370,No,現状維持
https://akagiconsulting.com/blog/case-interview/900/,記事,385,No,現状維持
https://akagiconsulting.com/blog/category/recommend/,"カテゴリ（おすすめ, 6件）",393,No,現状維持
https://akagiconsulting.com/blog/information/1282/,記事,407,No,現状維持
https://akagiconsulting.com/blog/case-interview/1199/,記事,429,No,現状維持
https://akagiconsulting.com/blog/case-interview/896/,記事,431,No,現状維持
https://akagiconsulting.com/blog/case-interview/949/,記事,434,No,現状維持
https://akagiconsulting.com/blog/fermi-estimate/923/,記事,505,No,現状維持
https://akagiconsulting.com/blog/fermi-estimate/1124/,記事,507,No,現状維持
https://akagiconsulting.com/blog/fermi-estimate/1056/,記事,516,No,現状維持
https://akagiconsulting.com/blog/fermi-estimate/917/,記事,524,No,現状維持
https://akagiconsulting.com/blog/behavior/403/,記事,525,No,現状維持
https://akagiconsulting.com/blog/case-interview/1109/,記事,538,No,現状維持
https://akagiconsulting.com/blog/fermi-estimate/921/,記事,542,No,現状維持
https://akagiconsulting.com/blog/category/case-interview/,"カテゴリ（ケース面接対策, 91件）",555,No,現状維持
https://akagiconsulting.com/blog/fermi-estimate/1218/,記事,570,No,現状維持
https://akagiconsulting.com/blog/case-interview/649/,記事,579,No,現状維持
https://akagiconsulting.com/blog/fermi-estimate/1091/,記事,614,No,現状維持
https://akagiconsulting.com/blog/case-interview/2497/,記事,620,No,現状維持
https://akagiconsulting.com/blog/fermi-estimate/904/,記事,626,No,現状維持
https://akagiconsulting.com/blog/case-interview/791/,記事,631,No,現状維持
https://akagiconsulting.com/blog/case-interview/2446/,記事,679,No,現状維持
https://akagiconsulting.com/blog/fermi-estimate/1117/,記事,686,No,現状維持
https://akagiconsulting.com/blog/fermi-estimate/952/,記事,803,No,現状維持
https://akagiconsulting.com/blog/fermi-estimate/1155/,記事,845,No,現状維持
https://akagiconsulting.com/blog/fermi-estimate/1095/,記事,879,No,現状維持
https://akagiconsulting.com/blog/fermi-estimate/930/,記事,919,No,現状維持
https://akagiconsulting.com/blog/fermi-estimate/1148/,記事,939,No,現状維持
https://akagiconsulting.com/blog/fermi-estimate/926/,記事,955,No,現状維持
https://akagiconsulting.com/blog/case-interview/1185/,記事,964,No,現状維持
https://akagiconsulting.com/blog/case-interview/766/,記事,964,No,現状維持
https://akagiconsulting.com/blog/case-interview/938/,記事,985,No,現状維持
https://akagiconsulting.com/blog/fermi-estimate/1105/,記事,1066,No,現状維持
https://akagiconsulting.com/blog/fermi-estimate/1024/,記事,1081,No,現状維持
https://akagiconsulting.com/blog/fermi-estimate/827/,記事,1120,No,現状維持
https://akagiconsulting.com/blog/information/2130/,記事,1251,No,現状維持
https://akagiconsulting.com/blog/case-interview/1190/,記事,1252,No,現状維持
https://akagiconsulting.com/blog/fermi-estimate/1019/,記事,1329,No,現状維持
https://akagiconsulting.com/blog/information/679/,記事,1336,No,現状維持
https://akagiconsulting.com/blog/case-interview/383/,記事,1342,No,現状維持
https://akagiconsulting.com/blog/information/665/,記事,1344,No,現状維持
https://akagiconsulting.com/blog/case-interview/832/,記事,1350,No,現状維持
https://akagiconsulting.com/blog/case-interview/807/,記事,1378,No,現状維持
https://akagiconsulting.com/blog/fermi-estimate/813/,記事,1467,No,現状維持
https://akagiconsulting.com/blog/fermi-estimate/561/,記事,1480,No,現状維持
https://akagiconsulting.com/blog/fermi-estimate/1121/,記事,1542,No,現状維持
https://akagiconsulting.com/blog/fermi-estimate/1151/,記事,1576,No,現状維持
https://akagiconsulting.com/blog/case-interview/1178/,記事,1583,No,現状維持
https://akagiconsulting.com/blog/case-interview/1259/,記事,1590,No,現状維持
https://akagiconsulting.com/blog/fermi-estimate/974/,記事,1621,No,現状維持
https://akagiconsulting.com/blog/information/2152/,記事,1677,No,現状維持
https://akagiconsulting.com/blog/information/2108/,記事,1687,No,現状維持
https://akagiconsulting.com/blog/information/2360/,記事,1739,No,現状維持
https://akagiconsulting.com/blog/case-interview/1255/,記事,1815,No,現状維持
https://akagiconsulting.com/blog/case-interview/817/,記事,1856,No,現状維持
https://akagiconsulting.com/blog/case-interview/788/,記事,1858,No,現状維持
https://akagiconsulting.com/blog/case-interview/2488/,記事,1960,No,現状維持
https://akagiconsulting.com/blog/information/1307/,記事,2028,No,現状維持
https://akagiconsulting.com/blog/fermi-estimate/582/,記事,2060,No,現状維持
https://akagiconsulting.com/blog/case-interview/1194/,記事,2103,No,現状維持
https://akagiconsulting.com/blog/information/2296/,記事,2187,No,現状維持
https://akagiconsulting.com/blog/case-interview/2442/,記事,2194,No,現状維持
https://akagiconsulting.com/blog/fermi-estimate/1266/,記事,2221,No,現状維持
https://akagiconsulting.com/blog/fermi-estimate/934/,記事,2232,No,現状維持
https://akagiconsulting.com/blog/information/2033/,記事,2260,No,現状維持
https://akagiconsulting.com/blog/case-interview/1164/,記事,2263,No,現状維持
https://akagiconsulting.com/blog/case-interview/823/,記事,2313,No,現状維持
https://akagiconsulting.com/blog/case-interview/842/,記事,2355,No,現状維持
https://akagiconsulting.com/blog/fermi-estimate/1277/,記事,2377,No,現状維持
https://akagiconsulting.com/blog/fermi-estimate/1208/,記事,2574,No,現状維持
https://akagiconsulting.com/blog/case-interview/2426/,記事,2664,No,現状維持
https://akagiconsulting.com/blog/case-interview/805/,記事,2687,No,現状維持
https://akagiconsulting.com/blog/case-interview/479/,記事,2795,No,現状維持
https://akagiconsulting.com/blog/information/2163/,記事,2810,No,現状維持
https://akagiconsulting.com/blog/case-interview/2478/,記事,2858,No,現状維持
https://akagiconsulting.com/blog/fermi-estimate/796/,記事,2888,No,現状維持
https://akagiconsulting.com/blog/fermi-estimate/1213/,記事,2906,No,現状維持
https://akagiconsulting.com/blog/information/2103/,記事,2914,No,現状維持
https://akagiconsulting.com/blog/information/2313/,記事,3098,No,現状維持
https://akagiconsulting.com/blog/case-interview/488/,記事,3296,No,現状維持
https://akagiconsulting.com/blog/fermi-estimate/1141/,記事,3309,No,現状維持
https://akagiconsulting.com/blog/case-interview/2391/,記事,3479,No,現状維持
https://akagiconsulting.com/blog/information/2320/,記事,3506,No,現状維持
https://akagiconsulting.com/blog/fermi-estimate/558/,記事,3684,No,現状維持
https://akagiconsulting.com/blog/fermi-estimate/490/,記事,3694,No,現状維持
https://akagiconsulting.com/blog/fermi-estimate/1202/,記事,3699,No,現状維持
https://akagiconsulting.com/blog/information/962/,記事,4075,No,現状維持
https://akagiconsulting.com/blog/information/1743/,記事,4136,No,現状維持
https://akagiconsulting.com/blog/fermi-estimate/872/,記事,4215,No,現状維持
https://akagiconsulting.com/blog/fermi-estimate/878/,記事,4292,No,現状維持
https://akagiconsulting.com/blog/fermi-estimate/866/,記事,4515,No,現状維持
https://akagiconsulting.com/blog/fermi-estimate/1078/,記事,4666,No,現状維持
https://akagiconsulting.com/blog/information/2043/,記事,4710,No,現状維持
https://akagiconsulting.com/blog/fermi-estimate/860/,記事,4711,No,現状維持
https://akagiconsulting.com/blog/information/2136/,記事,4769,No,現状維持
https://akagiconsulting.com/blog/fermi-estimate/1063/,記事,4925,No,現状維持
https://akagiconsulting.com/blog/case-interview/864/,記事,5463,No,現状維持
https://akagiconsulting.com/blog/information/2334/,記事,5587,No,現状維持
https://akagiconsulting.com/blog/information/2365/,記事,5981,No,現状維持
https://akagiconsulting.com/blog/case-interview/782/,記事,6007,No,現状維持
https://akagiconsulting.com/blog/case-interview/1173/,記事,6078,No,現状維持
https://akagiconsulting.com/blog/information/2058/,記事,6104,No,現状維持
https://akagiconsulting.com/blog/fermi-estimate/498/,記事,6187,No,現状維持
https://akagiconsulting.com/blog/information/1746/,記事,6592,No,現状維持
https://akagiconsulting.com/blog/information/1311/,記事,6761,No,現状維持
https://akagiconsulting.com/blog/information/2069/,記事,7046,No,現状維持
https://akagiconsulting.com/blog/information/2078/,記事,7068,No,現状維持
https://akagiconsulting.com/blog/information/2305/,記事,7437,No,現状維持
https://akagiconsulting.com/blog/information/2369/,記事,7645,No,現状維持
https://akagiconsulting.com/blog/information/1720/,記事,7838,No,現状維持
https://akagiconsulting.com/blog/fermi-estimate/882/,記事,8332,No,現状維持
https://akagiconsulting.com/blog/fermi-estimate/550/,記事,8845,No,現状維持
https://akagiconsulting.com/blog/information/1860/,記事,9783,No,現状維持
https://akagiconsulting.com/blog/fermi-estimate/422/,記事,9976,No,現状維持
https://akagiconsulting.com/blog/information/1315/,記事,10143,No,現状維持
https://akagiconsulting.com/blog/information/2339/,記事,10825,No,現状維持
https://akagiconsulting.com/blog/information/1270/,記事,10905,No,現状維持
https://akagiconsulting.com/blog/information/1846/,記事,16799,No,現状維持
https://akagiconsulting.com/blog/information/2063/,記事,17822,No,現状維持
