KW,対応URL,クリック数,表示回数,CTR,平均順位,改善メモ
アクセンチュア ケース面接,https://akagiconsulting.com/blog/fermi-estimate/1141/,17,572,3.0%,11.3,あと少しで1ページ目（10位以内）
日立コンサルティング 強み,https://akagiconsulting.com/blog/information/1746/,1,526,0.2%,11.2,あと少しで1ページ目（10位以内）
アクセンチュア ケース面接,https://akagiconsulting.com/blog/case-interview/864/,15,515,2.9%,15.1,内部リンク・リライトで改善余地あり
ビッグツリーテクノロジー&コンサルティング,https://akagiconsulting.com/blog/information/2136/,1,457,0.2%,16.0,内部リンク・リライトで改善余地あり
ケース面接 例題,https://akagiconsulting.com/blog/case-interview/1173/,20,433,4.6%,15.6,内部リンク・リライトで改善余地あり
富士通総研,https://akagiconsulting.com/blog/information/2360/,2,302,0.7%,11.4,あと少しで1ページ目（10位以内）
アクセンチュア ケース面接,https://akagiconsulting.com/blog/fermi-estimate/550/,5,292,1.7%,17.7,内部リンク・リライトで改善余地あり
ローランドベルガー 転職,https://akagiconsulting.com/blog/fermi-estimate/1063/,3,267,1.1%,14.1,コンテンツ強化で1ページ目到達可能
nttデータ経営研究所 強み,https://akagiconsulting.com/blog/information/2339/,0,251,0.0%,14.8,コンテンツ強化で1ページ目到達可能
ノースサンド 就職難易度,https://akagiconsulting.com/blog/information/2063/,2,245,0.8%,10.1,あと少しで1ページ目（10位以内）
dirbato 入社理由,https://akagiconsulting.com/blog/information/2069/,0,243,0.0%,12.1,コンテンツ強化で1ページ目到達可能
a.t. カーニー 入社理由,https://akagiconsulting.com/blog/fermi-estimate/498/,0,238,0.0%,11.8,あと少しで1ページ目（10位以内）
bcgマトリックス,https://akagiconsulting.com/blog/case-interview/2391/,0,232,0.0%,10.3,あと少しで1ページ目（10位以内）
pwcコンサルティング 面接,https://akagiconsulting.com/blog/fermi-estimate/878/,0,226,0.0%,11.6,あと少しで1ページ目（10位以内）
アビームコンサルティング 面接,https://akagiconsulting.com/blog/fermi-estimate/866/,2,214,0.9%,13.8,コンテンツ強化で1ページ目到達可能
ベイカレント 強み,https://akagiconsulting.com/blog/information/1846/,2,213,0.9%,10.5,あと少しで1ページ目（10位以内）
nttデータ経営研究所 入社理由,https://akagiconsulting.com/blog/information/2339/,0,212,0.0%,18.8,競合分析＋大幅リライト推奨
pwc 面接,https://akagiconsulting.com/blog/fermi-estimate/878/,1,204,0.5%,10.4,あと少しで1ページ目（10位以内）
ケース面接 アクセンチュア,https://akagiconsulting.com/blog/case-interview/864/,4,202,2.0%,11.7,あと少しで1ページ目（10位以内）
アクセンチュア ケース面接 ない,https://akagiconsulting.com/blog/fermi-estimate/550/,2,186,1.1%,11.7,あと少しで1ページ目（10位以内）
フェルミ推定 基礎知識,https://akagiconsulting.com/blog/fermi-estimate/1202/,1,174,0.6%,13.1,コンテンツ強化で1ページ目到達可能
ケース面接,https://akagiconsulting.com/blog/information/962/,1,165,0.6%,11.6,あと少しで1ページ目（10位以内）
pwcコンサルティング 強み,https://akagiconsulting.com/blog/information/1720/,1,160,0.6%,18.4,競合分析＋大幅リライト推奨
pwcコンサルティング 選考,https://akagiconsulting.com/blog/information/1720/,0,159,0.0%,14.0,コンテンツ強化で1ページ目到達可能
アクセンチュア 選考,https://akagiconsulting.com/blog/information/1860/,0,154,0.0%,19.0,競合分析＋大幅リライト推奨
bcg ケース面接 中途,https://akagiconsulting.com/blog/fermi-estimate/422/,0,151,0.0%,14.8,コンテンツ強化で1ページ目到達可能
5w1h 使い方,https://akagiconsulting.com/blog/case-interview/2442/,0,142,0.0%,17.1,内部リンク・リライトで改善余地あり
デロイト 最終面接,https://akagiconsulting.com/blog/fermi-estimate/882/,5,138,3.6%,11.3,あと少しで1ページ目（10位以内）
bcg 中途 面接,https://akagiconsulting.com/blog/fermi-estimate/422/,3,134,2.2%,11.7,あと少しで1ページ目（10位以内）
フェルミ推定 基礎知識,https://akagiconsulting.com/blog/fermi-estimate/1208/,1,131,0.8%,17.8,内部リンク・リライトで改善余地あり
kpmgコンサルティング 選考,https://akagiconsulting.com/blog/information/1311/,0,124,0.0%,18.6,競合分析＋大幅リライト推奨
ノースサンド 落ちた,https://akagiconsulting.com/blog/information/2063/,2,115,1.7%,10.1,あと少しで1ページ目（10位以内）
アクセンチュア ケース面接 中途,https://akagiconsulting.com/blog/fermi-estimate/550/,0,111,0.0%,14.8,コンテンツ強化で1ページ目到達可能
ケース面接 メモ,https://akagiconsulting.com/blog/fermi-estimate/1078/,2,109,1.8%,10.7,あと少しで1ページ目（10位以内）
pwc 選考フロー,https://akagiconsulting.com/blog/information/1720/,0,109,0.0%,11.4,あと少しで1ページ目（10位以内）
ベイン webテスト 中途,https://akagiconsulting.com/blog/fermi-estimate/490/,8,107,7.5%,10.2,あと少しで1ページ目（10位以内）
ケース面接 アクセンチュア,https://akagiconsulting.com/blog/fermi-estimate/550/,2,107,1.9%,19.3,競合分析＋大幅リライト推奨
デロイト ケース 面接 中途,https://akagiconsulting.com/blog/fermi-estimate/872/,1,98,1.0%,19.4,競合分析＋大幅リライト推奨
bcg 適性検査 中途,https://akagiconsulting.com/blog/fermi-estimate/422/,1,96,1.0%,11.0,あと少しで1ページ目（10位以内）
アクセンチュア インダストリーx 面接,https://akagiconsulting.com/blog/case-interview/864/,0,86,0.0%,11.6,あと少しで1ページ目（10位以内）
アクセンチュア 中途採用 選考フロー,https://akagiconsulting.com/blog/information/1860/,0,84,0.0%,10.4,あと少しで1ページ目（10位以内）
dirbato 入社理由,https://akagiconsulting.com/blog/information/2069/#toc1,0,83,0.0%,11.3,あと少しで1ページ目（10位以内）
dirbato 入社理由,https://akagiconsulting.com/blog/information/2069/#toc6,0,83,0.0%,11.3,あと少しで1ページ目（10位以内）
マッキンゼーの7s,https://akagiconsulting.com/blog/case-interview/2488/,1,81,1.2%,12.8,コンテンツ強化で1ページ目到達可能
ケース面接 難しい,https://akagiconsulting.com/blog/case-interview/488/,2,79,2.5%,16.6,内部リンク・リライトで改善余地あり
クニエ 適性検査 中途,https://akagiconsulting.com/blog/information/1743/,1,78,1.3%,11.2,あと少しで1ページ目（10位以内）
日本オラクル 新卒採用,https://akagiconsulting.com/blog/information/2334/,3,77,3.9%,12.1,コンテンツ強化で1ページ目到達可能
フェルミ推定 市場規模,https://akagiconsulting.com/blog/fermi-estimate/1202/,2,76,2.6%,11.2,あと少しで1ページ目（10位以内）
マッキンゼー ケース面接,https://akagiconsulting.com/blog/case-interview/383/,3,74,4.1%,17.2,内部リンク・リライトで改善余地あり
ey 面接 中途,https://akagiconsulting.com/blog/case-interview/782/,0,74,0.0%,12.0,コンテンツ強化で1ページ目到達可能
pwc ケース面接 中途,https://akagiconsulting.com/blog/fermi-estimate/878/,0,71,0.0%,11.4,あと少しで1ページ目（10位以内）
strategy& webテスト,https://akagiconsulting.com/blog/uncategorized/1270/,3,70,4.3%,10.6,あと少しで1ページ目（10位以内）
pwc 特徴,https://akagiconsulting.com/blog/information/1720/,0,70,0.0%,13.0,コンテンツ強化で1ページ目到達可能
bcg 面接 中途,https://akagiconsulting.com/blog/fermi-estimate/422/,3,69,4.3%,15.7,内部リンク・リライトで改善余地あり
デロイト ケース面接 過去問,https://akagiconsulting.com/blog/case-interview/1255/,4,68,5.9%,12.9,コンテンツ強化で1ページ目到達可能
ケース面接 対策 本,https://akagiconsulting.com/blog/case-interview/842/,1,68,1.5%,17.8,内部リンク・リライトで改善余地あり
bcg 中途採用 プロセス,https://akagiconsulting.com/blog/fermi-estimate/422/,0,68,0.0%,10.4,あと少しで1ページ目（10位以内）
bcg 適性検査 中途,https://akagiconsulting.com/blog/uncategorized/1270/,0,68,0.0%,18.1,競合分析＋大幅リライト推奨
strategy& 選考フロー,https://akagiconsulting.com/blog/fermi-estimate/558/,2,66,3.0%,13.7,コンテンツ強化で1ページ目到達可能
フェルミ推定 アクセンチュア,https://akagiconsulting.com/blog/fermi-estimate/550/,2,66,3.0%,12.5,コンテンツ強化で1ページ目到達可能
ケース面接 本,https://akagiconsulting.com/blog/case-interview/842/,1,66,1.5%,18.7,競合分析＋大幅リライト推奨
bcg 中途 体験談,https://akagiconsulting.com/blog/fermi-estimate/422/,0,65,0.0%,17.7,内部リンク・リライトで改善余地あり
pwc 選考,https://akagiconsulting.com/blog/information/1720/,0,64,0.0%,12.3,コンテンツ強化で1ページ目到達可能
dirbato 難易度,https://akagiconsulting.com/blog/information/2069/,3,63,4.8%,11.9,あと少しで1ページ目（10位以内）
ケース面接 やり方,https://akagiconsulting.com/blog/fermi-estimate/1078/,2,62,3.2%,18.3,競合分析＋大幅リライト推奨
kpmg 適性検査 中途,https://akagiconsulting.com/blog/case-interview/782/,0,62,0.0%,17.6,内部リンク・リライトで改善余地あり
pwc ケース 面接 中途,https://akagiconsulting.com/blog/fermi-estimate/878/,0,62,0.0%,11.2,あと少しで1ページ目（10位以内）
bcg 中途 フロー,https://akagiconsulting.com/blog/fermi-estimate/422/,0,61,0.0%,12.8,コンテンツ強化で1ページ目到達可能
kpmgコンサルティング 選考フロー,https://akagiconsulting.com/blog/information/1311/,0,60,0.0%,16.3,内部リンク・リライトで改善余地あり
アクセンチュア 選考 フロー,https://akagiconsulting.com/blog/information/1860/,0,57,0.0%,10.1,あと少しで1ページ目（10位以内）
atカーニー 中途,https://akagiconsulting.com/blog/fermi-estimate/498/,1,56,1.8%,17.9,内部リンク・リライトで改善余地あり
アクセンチュア 中途 選考フロー,https://akagiconsulting.com/blog/information/1860/,2,53,3.8%,10.5,あと少しで1ページ目（10位以内）
フェルミ推定 数字,https://akagiconsulting.com/blog/fermi-estimate/1202/,4,52,7.7%,11.4,あと少しで1ページ目（10位以内）
アクセンチュア 職種別スキルテスト,https://akagiconsulting.com/blog/information/1860/,2,52,3.8%,15.3,内部リンク・リライトで改善余地あり
アビーム ケース面接 中途,https://akagiconsulting.com/blog/case-interview/1164/,0,51,0.0%,10.8,あと少しで1ページ目（10位以内）
ベイカレント 選考,https://akagiconsulting.com/blog/information/1846/,1,50,2.0%,11.9,あと少しで1ページ目（10位以内）
bcg ケース面接体験会,https://akagiconsulting.com/blog/fermi-estimate/422/,0,50,0.0%,16.7,内部リンク・リライトで改善余地あり
big4 ey,https://akagiconsulting.com/blog/information/1315/,0,50,0.0%,10.5,あと少しで1ページ目（10位以内）
